Id,Prediction,Date,File,StartTime,ElapsedTime,BusyTime,Commands,editOrInsertPercentage,debugPercentage,navigationPercentage,focusPercentage,removePercentage,editPercentage,COMMAND_RATE,NAVIGATION_RATE,DEBUG_RATE,FOCUS_RATE,EDIT_RATE,REMOVE_RATE,INSERT_RATE,webLinkTimes,Web Page Visits
1,,Mon Sep 21 10:45:24 EDT 2020,WekaUtil.java,1600699524968,14173,0,(R)1(I)24,0.96,0.0,0.0,0.0,0.0,0.0,1.7857142857142858,0.0,0.0,0.0,0.0,0.07142857142857142,1.7142857142857142,0.0,[]
,/modelData/A0UserStudy2010.arff,Mon Sep 21 10:45:24 EDT 2020,WekaUtil.java, 1600699524968
2,,Mon Sep 21 10:45:39 EDT 2020,WekaUtil.java,1600699539242,5345,5345,(I)18(R)2(I)5,0.92,0.0,0.0,0.0,0.0,0.0,5.0,0.0,0.0,0.0,0.0,0.4,4.6,0.0,[]
3,,Mon Sep 21 10:45:44 EDT 2020,WekaUtil.java,1600699544590,2640,2640,(I)25,1.0,0.0,0.0,0.0,0.0,0.0,12.5,0.0,0.0,0.0,0.0,0.0,12.5,0.0,[]
4,,Mon Sep 21 10:45:47 EDT 2020,WekaUtil.java,1600699547284,273757,0,(I)13(F)10(I)1(R)1,0.56,0.0,0.0,40.0,0.0,0.0,0.09157509157509157,0.0,0.0,0.03663003663003663,0.0,0.003663003663003663,0.05128205128205128,53.0,[1600699709196 117 Assignments - Google Drive https://drive.google.com/drive/u/1/folders/1AVjlXIlcw2e7qK5Ibn4SQwFdqhZ2pQaA, 1600699574417 153 Lectures - Google Drive https://drive.google.com/drive/u/1/folders/1ZHyGzTAansFVQ42ecjRmbeR831_Dm-3o, 1600699725848 325 Assignment-1.docx - Google Docs https://docs.google.com/document/d/1eyLXEkY5tqgnLRa5K4MWVybqZ6kCiM7x/edit, 1600699590143 1 4-Tour-C-Java.pptx - Google Slides https://docs.google.com/presentation/d/1emT4IDbdCAi1Ew1nP6T0ab7Qq3pIQ9nM/edit?usp=drive_web&ouid=103398566884714783785&dls=true, 1600699591438 2 4-Tour-C-Java.pptx - Google Slides https://docs.google.com/presentation/u/1/d/1emT4IDbdCAi1Ew1nP6T0ab7Qq3pIQ9nM/edit?usp=drive_web&ouid=103398566884714783785&dls=true, 1600699591550 1 4-Tour-C-Java.pptx - Google Slides https://docs.google.com/presentation/d/1emT4IDbdCAi1Ew1nP6T0ab7Qq3pIQ9nM/edit?dls=true, 1600699596856 1 4-Tour-C-Java.pptx - Google Slides https://docs.google.com/presentation/d/1emT4IDbdCAi1Ew1nP6T0ab7Qq3pIQ9nM/edit, 1600699600195 60 4-Tour-C-Java.pptx - Google Slides https://docs.google.com/presentation/d/1emT4IDbdCAi1Ew1nP6T0ab7Qq3pIQ9nM/edit#slide=id.p1, 1600699603319 1 4-Tour-C-Java.pptx - Google Slides https://docs.google.com/presentation/d/1emT4IDbdCAi1Ew1nP6T0ab7Qq3pIQ9nM/edit#slide=id.p2, 1600699603803 1 4-Tour-C-Java.pptx - Google Slides https://docs.google.com/presentation/d/1emT4IDbdCAi1Ew1nP6T0ab7Qq3pIQ9nM/edit#slide=id.p3, 1600699604530 1 4-Tour-C-Java.pptx - Google Slides https://docs.google.com/presentation/d/1emT4IDbdCAi1Ew1nP6T0ab7Qq3pIQ9nM/edit#slide=id.p4, 1600699607188 1 4-Tour-C-Java.pptx - Google Slides https://docs.google.com/presentation/d/1emT4IDbdCAi1Ew1nP6T0ab7Qq3pIQ9nM/edit#slide=id.p5, 1600699608068 1 4-Tour-C-Java.pptx - Google Slides https://docs.google.com/presentation/d/1emT4IDbdCAi1Ew1nP6T0ab7Qq3pIQ9nM/edit#slide=id.p6, 1600699608678 1 4-Tour-C-Java.pptx - Google Slides https://docs.google.com/presentation/d/1emT4IDbdCAi1Ew1nP6T0ab7Qq3pIQ9nM/edit#slide=id.p7, 1600699609172 1 4-Tour-C-Java.pptx - Google Slides https://docs.google.com/presentation/d/1emT4IDbdCAi1Ew1nP6T0ab7Qq3pIQ9nM/edit#slide=id.p8, 1600699609949 1 4-Tour-C-Java.pptx - Google Slides https://docs.google.com/presentation/d/1emT4IDbdCAi1Ew1nP6T0ab7Qq3pIQ9nM/edit#slide=id.p9, 1600699610449 1 4-Tour-C-Java.pptx - Google Slides https://docs.google.com/presentation/d/1emT4IDbdCAi1Ew1nP6T0ab7Qq3pIQ9nM/edit#slide=id.p10, 1600699611023 1 4-Tour-C-Java.pptx - Google Slides https://docs.google.com/presentation/d/1emT4IDbdCAi1Ew1nP6T0ab7Qq3pIQ9nM/edit#slide=id.p11, 1600699611389 1 4-Tour-C-Java.pptx - Google Slides https://docs.google.com/presentation/d/1emT4IDbdCAi1Ew1nP6T0ab7Qq3pIQ9nM/edit#slide=id.p12, 1600699611874 1 4-Tour-C-Java.pptx - Google Slides https://docs.google.com/presentation/d/1emT4IDbdCAi1Ew1nP6T0ab7Qq3pIQ9nM/edit#slide=id.p13, 1600699612534 1 4-Tour-C-Java.pptx - Google Slides https://docs.google.com/presentation/d/1emT4IDbdCAi1Ew1nP6T0ab7Qq3pIQ9nM/edit#slide=id.p14, 1600699613136 1 4-Tour-C-Java.pptx - Google Slides https://docs.google.com/presentation/d/1emT4IDbdCAi1Ew1nP6T0ab7Qq3pIQ9nM/edit#slide=id.p15, 1600699613829 1 4-Tour-C-Java.pptx - Google Slides https://docs.google.com/presentation/d/1emT4IDbdCAi1Ew1nP6T0ab7Qq3pIQ9nM/edit#slide=id.p16, 1600699614498 1 4-Tour-C-Java.pptx - Google Slides https://docs.google.com/presentation/d/1emT4IDbdCAi1Ew1nP6T0ab7Qq3pIQ9nM/edit#slide=id.p17, 1600699615054 1 4-Tour-C-Java.pptx - Google Slides https://docs.google.com/presentation/d/1emT4IDbdCAi1Ew1nP6T0ab7Qq3pIQ9nM/edit#slide=id.p18, 1600699615766 1 4-Tour-C-Java.pptx - Google Slides https://docs.google.com/presentation/d/1emT4IDbdCAi1Ew1nP6T0ab7Qq3pIQ9nM/edit#slide=id.p19, 1600699616570 1 4-Tour-C-Java.pptx - Google Slides https://docs.google.com/presentation/d/1emT4IDbdCAi1Ew1nP6T0ab7Qq3pIQ9nM/edit#slide=id.p20, 1600699617301 1 4-Tour-C-Java.pptx - Google Slides https://docs.google.com/presentation/d/1emT4IDbdCAi1Ew1nP6T0ab7Qq3pIQ9nM/edit#slide=id.p21, 1600699618206 1 4-Tour-C-Java.pptx - Google Slides https://docs.google.com/presentation/d/1emT4IDbdCAi1Ew1nP6T0ab7Qq3pIQ9nM/edit#slide=id.p22, 1600699618989 1 4-Tour-C-Java.pptx - Google Slides https://docs.google.com/presentation/d/1emT4IDbdCAi1Ew1nP6T0ab7Qq3pIQ9nM/edit#slide=id.p23, 1600699619834 1 4-Tour-C-Java.pptx - Google Slides https://docs.google.com/presentation/d/1emT4IDbdCAi1Ew1nP6T0ab7Qq3pIQ9nM/edit#slide=id.p24, 1600699620397 1 4-Tour-C-Java.pptx - Google Slides https://docs.google.com/presentation/d/1emT4IDbdCAi1Ew1nP6T0ab7Qq3pIQ9nM/edit#slide=id.p25, 1600699621264 1 4-Tour-C-Java.pptx - Google Slides https://docs.google.com/presentation/d/1emT4IDbdCAi1Ew1nP6T0ab7Qq3pIQ9nM/edit#slide=id.p26, 1600699621986 1 4-Tour-C-Java.pptx - Google Slides https://docs.google.com/presentation/d/1emT4IDbdCAi1Ew1nP6T0ab7Qq3pIQ9nM/edit#slide=id.p27, 1600699622671 1 4-Tour-C-Java.pptx - Google Slides https://docs.google.com/presentation/d/1emT4IDbdCAi1Ew1nP6T0ab7Qq3pIQ9nM/edit#slide=id.p28, 1600699623834 1 4-Tour-C-Java.pptx - Google Slides https://docs.google.com/presentation/d/1emT4IDbdCAi1Ew1nP6T0ab7Qq3pIQ9nM/edit#slide=id.p29, 1600699626230 1 4-Tour-C-Java.pptx - Google Slides https://docs.google.com/presentation/d/1emT4IDbdCAi1Ew1nP6T0ab7Qq3pIQ9nM/edit#slide=id.p30, 1600699633663 1 4-Tour-C-Java.pptx - Google Slides https://docs.google.com/presentation/d/1emT4IDbdCAi1Ew1nP6T0ab7Qq3pIQ9nM/edit#slide=id.p31, 1600699634570 1 4-Tour-C-Java.pptx - Google Slides https://docs.google.com/presentation/d/1emT4IDbdCAi1Ew1nP6T0ab7Qq3pIQ9nM/edit#slide=id.p32, 1600699635454 1 4-Tour-C-Java.pptx - Google Slides https://docs.google.com/presentation/d/1emT4IDbdCAi1Ew1nP6T0ab7Qq3pIQ9nM/edit#slide=id.p33, 1600699636517 1 4-Tour-C-Java.pptx - Google Slides https://docs.google.com/presentation/d/1emT4IDbdCAi1Ew1nP6T0ab7Qq3pIQ9nM/edit#slide=id.p34, 1600699637773 1 4-Tour-C-Java.pptx - Google Slides https://docs.google.com/presentation/d/1emT4IDbdCAi1Ew1nP6T0ab7Qq3pIQ9nM/edit#slide=id.p35, 1600699638969 1 4-Tour-C-Java.pptx - Google Slides https://docs.google.com/presentation/d/1emT4IDbdCAi1Ew1nP6T0ab7Qq3pIQ9nM/edit#slide=id.p36, 1600699639899 1 4-Tour-C-Java.pptx - Google Slides https://docs.google.com/presentation/d/1emT4IDbdCAi1Ew1nP6T0ab7Qq3pIQ9nM/edit#slide=id.p37, 1600699640966 1 4-Tour-C-Java.pptx - Google Slides https://docs.google.com/presentation/d/1emT4IDbdCAi1Ew1nP6T0ab7Qq3pIQ9nM/edit#slide=id.p38, 1600699642340 1 4-Tour-C-Java.pptx - Google Slides https://docs.google.com/presentation/d/1emT4IDbdCAi1Ew1nP6T0ab7Qq3pIQ9nM/edit#slide=id.p39, 1600699642808 1 4-Tour-C-Java.pptx - Google Slides https://docs.google.com/presentation/d/1emT4IDbdCAi1Ew1nP6T0ab7Qq3pIQ9nM/edit#slide=id.p40, 1600699651599 1 4-Tour-C-Java.pptx - Google Slides https://docs.google.com/presentation/d/1emT4IDbdCAi1Ew1nP6T0ab7Qq3pIQ9nM/edit#slide=id.p64, 1600699663410 1 4-Tour-C-Java.pptx - Google Slides https://docs.google.com/presentation/d/1emT4IDbdCAi1Ew1nP6T0ab7Qq3pIQ9nM/edit#slide=id.p65, 1600699711456 1 Assignment-1.docx - Google Docs https://docs.google.com/document/d/1eyLXEkY5tqgnLRa5K4MWVybqZ6kCiM7x/edit?usp=drive_web&ouid=103398566884714783785&dls=true, 1600699712507 2 Assignment-1.docx - Google Docs https://docs.google.com/document/u/1/d/1eyLXEkY5tqgnLRa5K4MWVybqZ6kCiM7x/edit?usp=drive_web&ouid=103398566884714783785&dls=true, 1600699712586 1 Assignment-1.docx - Google Docs https://docs.google.com/document/d/1eyLXEkY5tqgnLRa5K4MWVybqZ6kCiM7x/edit?dls=true]
5,,Mon Sep 21 10:50:21 EDT 2020,WekaUtil.java,1600699821044,64838,0,(I)25,1.0,0.0,0.0,0.0,0.0,0.0,0.390625,0.0,0.0,0.0,0.0,0.0,0.390625,0.0,[]
6,,Mon Sep 21 10:51:26 EDT 2020,WekaUtil.java,1600699886142,48454,0,(I)25,1.0,0.0,0.0,0.0,0.0,0.0,0.5208333333333334,0.0,0.0,0.0,0.0,0.0,0.5208333333333334,2.0,[1600699914788 2 4-Tour-C-Java.pptx - Google Slides https://docs.google.com/presentation/d/1emT4IDbdCAi1Ew1nP6T0ab7Qq3pIQ9nM/edit#slide=id.p65, 1600699914091 1 4-Tour-C-Java.pptx - Google Slides https://docs.google.com/presentation/d/1emT4IDbdCAi1Ew1nP6T0ab7Qq3pIQ9nM/edit#slide=id.p66]
7,,Mon Sep 21 10:52:14 EDT 2020,WekaUtil.java,1600699934798,2241,2241,(I)7(R)2(I)13(R)2(I)1,0.84,0.0,0.0,0.0,0.0,0.0,12.5,0.0,0.0,0.0,0.0,2.0,10.5,0.0,[]
8,,Mon Sep 21 10:52:17 EDT 2020,WekaUtil.java,1600699937093,2966,2966,(I)6(R)3(I)15(R)1,0.84,0.0,0.0,0.0,0.0,0.0,12.5,0.0,0.0,0.0,0.0,2.0,10.5,0.0,[]
9,,Mon Sep 21 10:52:20 EDT 2020,WekaUtil.java,1600699940202,31503,0,(R)2(I)23,0.92,0.0,0.0,0.0,0.0,0.0,0.8064516129032258,0.0,0.0,0.0,0.0,0.06451612903225806,0.7419354838709677,0.0,[]
10,,Mon Sep 21 10:52:51 EDT 2020,WekaUtil.java,1600699971886,742,742,(I)2(R)4(I)9(F)2(I)7(R)1,0.72,0.0,0.0,8.0,0.0,0.0,0.0,0.0,0.0,0.0,0.0,null,0.0,0.0,[]
11,,Mon Sep 21 10:52:52 EDT 2020,WekaUtil.java,1600699972762,6372,6372,(R)3(I)22,0.88,0.0,0.0,0.0,0.0,0.0,4.166666666666667,0.0,0.0,0.0,0.0,0.5,3.6666666666666665,0.0,[]
12,,Mon Sep 21 10:52:59 EDT 2020,WekaUtil.java,1600699979902,921,921,(I)25,1.0,0.0,0.0,0.0,0.0,0.0,0.0,0.0,0.0,0.0,0.0,null,0.0,0.0,[]
13,,Mon Sep 21 10:53:01 EDT 2020,WekaUtil.java,1600699981633,39189,0,(I)25,1.0,0.0,0.0,0.0,0.0,0.0,0.6410256410256411,0.0,0.0,0.0,0.0,0.0,0.6410256410256411,0.0,[]
14,,Mon Sep 21 10:53:40 EDT 2020,WekaUtil.java,1600700020835,5020,5020,(I)1(R)2(I)22,0.92,0.0,0.0,0.0,0.0,0.0,5.0,0.0,0.0,0.0,0.0,0.4,4.6,0.0,[]
15,,Mon Sep 21 10:53:46 EDT 2020,WekaUtil.java,1600700026013,22435,0,(I)21(F)2(I)2,0.92,0.0,0.0,8.0,0.0,0.0,1.1363636363636365,0.0,0.0,0.09090909090909091,0.0,0.0,1.0454545454545454,3.0,[1600700036680 4 4-Tour-C-Java.pptx - Google Slides https://docs.google.com/presentation/d/1emT4IDbdCAi1Ew1nP6T0ab7Qq3pIQ9nM/edit#slide=id.p64, 1600700033869 2 4-Tour-C-Java.pptx - Google Slides https://docs.google.com/presentation/d/1emT4IDbdCAi1Ew1nP6T0ab7Qq3pIQ9nM/edit#slide=id.p63, 1600700034885 2 4-Tour-C-Java.pptx - Google Slides https://docs.google.com/presentation/d/1emT4IDbdCAi1Ew1nP6T0ab7Qq3pIQ9nM/edit#slide=id.p62]
16,,Mon Sep 21 10:54:10 EDT 2020,WekaUtil.java,1600700050084,5935,5935,(R)2(I)23,0.92,0.0,0.0,0.0,0.0,0.0,5.0,0.0,0.0,0.0,0.0,0.4,4.6,0.0,[]
17,,Mon Sep 21 10:54:16 EDT 2020,WekaUtil.java,1600700056093,5401,5401,(I)8(R)6(I)11,0.76,0.0,0.0,0.0,0.0,0.0,5.0,0.0,0.0,0.0,0.0,1.2,3.8,0.0,[]
18,,Mon Sep 21 10:54:21 EDT 2020,WekaUtil.java,1600700061505,2816,2816,(I)17(R)8,0.68,0.0,0.0,0.0,0.0,0.0,12.5,0.0,0.0,0.0,0.0,4.0,8.5,0.0,[]
19,,Mon Sep 21 10:54:24 EDT 2020,WekaUtil.java,1600700064478,3439,3439,(R)12(I)13,0.52,0.0,0.0,0.0,0.0,0.0,8.333333333333334,0.0,0.0,0.0,0.0,4.0,4.333333333333333,0.0,[]
20,,Mon Sep 21 10:54:27 EDT 2020,WekaUtil.java,1600700067927,7447,7447,(I)25,1.0,0.0,0.0,0.0,0.0,0.0,3.5714285714285716,0.0,0.0,0.0,0.0,0.0,3.5714285714285716,0.0,[]
21,,Mon Sep 21 10:54:37 EDT 2020,WekaUtil.java,1600700077244,3745,3745,(I)4(R)4(I)17,0.84,0.0,0.0,0.0,0.0,0.0,8.333333333333334,0.0,0.0,0.0,0.0,1.3333333333333333,7.0,0.0,[]
22,,Mon Sep 21 10:54:41 EDT 2020,WekaUtil.java,1600700081001,5494,5494,(I)13(R)2(I)10,0.92,0.0,0.0,0.0,0.0,0.0,5.0,0.0,0.0,0.0,0.0,0.4,4.6,0.0,[]
23,,Mon Sep 21 10:54:46 EDT 2020,WekaUtil.java,1600700086661,5479,5479,(I)12(R)6(I)2(R)2(I)3,0.68,0.0,0.0,0.0,0.0,0.0,5.0,0.0,0.0,0.0,0.0,1.6,3.4,0.0,[]
24,,Mon Sep 21 10:54:52 EDT 2020,WekaUtil.java,1600700092149,2267,2267,(I)21(R)4,0.84,0.0,0.0,0.0,0.0,0.0,12.5,0.0,0.0,0.0,0.0,2.0,10.5,0.0,[]
25,,Mon Sep 21 10:54:54 EDT 2020,WekaUtil.java,1600700094589,38911,0,(I)4(R)2(I)1(F)6(I)8,0.6190476190476191,0.0,0.0,28.57142857142857,0.0,0.0,0.5526315789473685,0.0,0.0,0.15789473684210525,0.0,0.05263157894736842,0.34210526315789475,0.0,[]
26,,Mon Sep 21 10:55:36 EDT 2020,WekaUtil.java,1600700136660,5080,5080,(I)25,1.0,0.0,0.0,0.0,0.0,0.0,5.0,0.0,0.0,0.0,0.0,0.0,5.0,0.0,[]
27,,Mon Sep 21 10:55:41 EDT 2020,WekaUtil.java,1600700141749,3110,3110,(I)5(R)6(I)14,0.76,0.0,0.0,0.0,0.0,0.0,8.333333333333334,0.0,0.0,0.0,0.0,2.0,6.333333333333333,0.0,[]
28,,Mon Sep 21 10:55:46 EDT 2020,WekaUtil.java,1600700146541,13010,0,(I)4(R)3(I)6(F)2(I)4,0.7368421052631579,0.0,0.0,10.526315789473683,0.0,0.0,1.4615384615384615,0.0,0.0,0.15384615384615385,0.0,0.23076923076923078,1.0769230769230769,0.0,[]
29,,Mon Sep 21 10:55:59 EDT 2020,WekaUtil.java,1600700159569,32717,0,(I)2(R)8(I)11,0.6190476190476191,0.0,0.0,0.0,0.0,0.0,0.65625,0.0,0.0,0.0,0.0,0.25,0.40625,0.0,[]
30,,Mon Sep 21 10:56:32 EDT 2020,WekaUtil.java,1600700192302,25051,0,(I)25,1.0,0.0,0.0,0.0,0.0,0.0,1.0,0.0,0.0,0.0,0.0,0.0,1.0,0.0,[]
31,,Mon Sep 21 10:56:57 EDT 2020,WekaUtil.java,1600700217356,5314,5314,(I)23,1.0,0.0,0.0,0.0,0.0,0.0,4.6,0.0,0.0,0.0,0.0,0.0,4.6,0.0,[]
32,,Mon Sep 21 10:57:02 EDT 2020,WekaUtil.java,1600700222827,27783,0,(I)14(F)2(I)5(R)1,0.8636363636363636,0.0,0.0,9.090909090909092,0.0,0.0,0.8148148148148148,0.0,0.0,0.07407407407407407,0.0,0.037037037037037035,0.7037037037037037,0.0,[]
33,,Mon Sep 21 10:57:30 EDT 2020,WekaUtil.java,1600700250625,7312,7312,(R)9(I)4(R)4(I)5,0.4090909090909091,0.0,0.0,0.0,0.0,0.0,3.142857142857143,0.0,0.0,0.0,0.0,1.8571428571428572,1.2857142857142858,0.0,[]
34,,Mon Sep 21 10:57:37 EDT 2020,AWekaSDModel.java,1600700257937,90952,0,(I)2(F)4(I)1(F)2(I)8(R)1,0.6111111111111112,0.0,0.0,33.33333333333333,0.0,0.0,0.2,0.0,0.0,0.06666666666666667,0.0,0.011111111111111112,0.12222222222222222,1.0,[1600700301049 5 4-Tour-C-Java.pptx - Google Slides https://docs.google.com/presentation/d/1emT4IDbdCAi1Ew1nP6T0ab7Qq3pIQ9nM/edit#slide=id.p64]
35,,Mon Sep 21 10:59:09 EDT 2020,AWekaSDModel.java,1600700349025,138,138,(R)4(I)17(R)3,0.7083333333333334,0.0,0.0,0.0,0.0,0.0,0.0,0.0,0.0,0.0,0.0,null,0.0,0.0,[]
36,,Mon Sep 21 10:59:09 EDT 2020,AWekaSDModel.java,1600700349302,4615,4615,(R)2(I)23,0.92,0.0,0.0,0.0,0.0,0.0,6.25,0.0,0.0,0.0,0.0,0.5,5.75,0.0,[]
37,,Mon Sep 21 10:59:14 EDT 2020,AWekaSDModel.java,1600700354016,24985,0,(I)18(R)2(I)2(R)1,0.8695652173913043,0.0,0.0,0.0,0.0,0.0,0.9583333333333334,0.0,0.0,0.0,0.0,0.125,0.8333333333333334,0.0,[]
38,,Mon Sep 21 10:59:39 EDT 2020,AWekaSDModel.java,1600700379003,8913,8913,(R)1(I)20(R)3(I)1,0.84,0.0,0.0,0.0,0.0,0.0,3.125,0.0,0.0,0.0,0.0,0.5,2.625,0.0,[]
39,,Mon Sep 21 10:59:47 EDT 2020,AWekaSDModel.java,1600700387920,5133,5133,(I)5(R)2(I)18,0.92,0.0,0.0,0.0,0.0,0.0,5.0,0.0,0.0,0.0,0.0,0.4,4.6,0.0,[]
40,,Mon Sep 21 10:59:53 EDT 2020,AWekaSDModel.java,1600700393234,89233,0,(I)7(F)2(I)9(R)1(I)6,0.88,0.0,0.0,8.0,0.0,0.0,0.2808988764044944,0.0,0.0,0.02247191011235955,0.0,0.011235955056179775,0.24719101123595505,0.0,[]
41,,Mon Sep 21 11:01:22 EDT 2020,AWekaSDModel.java,1600700482608,2331,2331,(I)24,1.0,0.0,0.0,0.0,0.0,0.0,12.0,0.0,0.0,0.0,0.0,0.0,12.0,0.0,[]
42,,Mon Sep 21 11:01:25 EDT 2020,AWekaSDModel.java,1600700485227,18574,0,(I)8(R)3(I)4(R)4(I)6,0.72,0.0,0.0,0.0,0.0,0.0,1.3888888888888888,0.0,0.0,0.0,0.0,0.3888888888888889,1.0,0.0,[]
43,,Mon Sep 21 11:01:45 EDT 2020,AWekaSDModel.java,1600700505825,1673,1673,(I)12(R)1(I)12,0.96,0.0,0.0,0.0,0.0,0.0,25.0,0.0,0.0,0.0,0.0,1.0,24.0,0.0,[]
44,,Mon Sep 21 11:01:47 EDT 2020,AWekaSDModel.java,1600700507553,7280,7280,(I)23(R)2,0.92,0.0,0.0,0.0,0.0,0.0,3.5714285714285716,0.0,0.0,0.0,0.0,0.2857142857142857,3.2857142857142856,0.0,[]
45,,Mon Sep 21 11:01:54 EDT 2020,AWekaSDModel.java,1600700514961,3385,3385,(I)2(R)2(I)9(R)2(I)2(R)2(I)6,0.76,0.0,0.0,0.0,0.0,0.0,8.333333333333334,0.0,0.0,0.0,0.0,2.0,6.333333333333333,0.0,[]
46,,Mon Sep 21 11:01:58 EDT 2020,AWekaSDModel.java,1600700518686,3276,3276,(R)4(I)5(R)4(I)12,0.68,0.0,0.0,0.0,0.0,0.0,8.333333333333334,0.0,0.0,0.0,0.0,2.6666666666666665,5.666666666666667,0.0,[]
47,,Mon Sep 21 11:02:02 EDT 2020,AWekaSDModel.java,1600700522233,7081,7081,(I)2(R)2(I)13(R)2(I)4(F)2,0.76,0.0,0.0,8.0,0.0,0.0,3.5714285714285716,0.0,0.0,0.2857142857142857,0.0,0.5714285714285714,2.7142857142857144,0.0,[]
48,,Mon Sep 21 11:02:03 EDT 2020,AWekaSDModel.java,1600700523002,18049,0,(I)25,1.0,0.0,0.0,0.0,0.0,0.0,1.3888888888888888,0.0,0.0,0.0,0.0,0.0,1.3888888888888888,0.0,[]
49,,Mon Sep 21 11:02:21 EDT 2020,AWekaSDModel.java,1600700541193,2568,2568,(I)25,1.0,0.0,0.0,0.0,0.0,0.0,12.5,0.0,0.0,0.0,0.0,0.0,12.5,0.0,[]
50,,Mon Sep 21 11:02:23 EDT 2020,AWekaSDModel.java,1600700543771,26487,0,(I)16(R)2(I)7,0.92,0.0,0.0,0.0,0.0,0.0,0.9615384615384616,0.0,0.0,0.0,0.0,0.07692307692307693,0.8846153846153846,0.0,[]
51,,Mon Sep 21 11:02:50 EDT 2020,AWekaSDModel.java,1600700570270,2994,2994,(I)21(R)4,0.84,0.0,0.0,0.0,0.0,0.0,12.5,0.0,0.0,0.0,0.0,2.0,10.5,0.0,[]
52,,Mon Sep 21 11:02:53 EDT 2020,AWekaSDModel.java,1600700573393,2925,2925,(R)2(I)20(R)2(I)1,0.84,0.0,0.0,0.0,0.0,0.0,12.5,0.0,0.0,0.0,0.0,2.0,10.5,0.0,[]
53,,Mon Sep 21 11:02:56 EDT 2020,AWekaSDModel.java,1600700576305,10871,0,(I)22,1.0,0.0,0.0,0.0,0.0,0.0,2.2,0.0,0.0,0.0,0.0,0.0,2.2,0.0,[]
54,,Mon Sep 21 11:03:07 EDT 2020,AWekaSDModel.java,1600700587264,65233,0,(I)25,1.0,0.0,0.0,0.0,0.0,0.0,0.38461538461538464,0.0,0.0,0.0,0.0,0.0,0.38461538461538464,0.0,[]
55,,Mon Sep 21 11:04:12 EDT 2020,AWekaSDModel.java,1600700652508,19644,0,(I)22(R)3,0.88,0.0,0.0,0.0,0.0,0.0,1.3157894736842106,0.0,0.0,0.0,0.0,0.15789473684210525,1.1578947368421053,0.0,[]
56,,Mon Sep 21 11:04:32 EDT 2020,AWekaSDModel.java,1600700672160,8961,8961,(R)7(I)18,0.72,0.0,0.0,0.0,0.0,0.0,3.125,0.0,0.0,0.0,0.0,0.875,2.25,0.0,[]
57,,Mon Sep 21 11:04:41 EDT 2020,AWekaSDModel.java,1600700681133,6586,6586,(I)13(R)2(I)10,0.92,0.0,0.0,0.0,0.0,0.0,4.166666666666667,0.0,0.0,0.0,0.0,0.3333333333333333,3.8333333333333335,0.0,[]
58,,Mon Sep 21 11:04:47 EDT 2020,AWekaSDModel.java,1600700687784,37936,0,(I)10(F)1(I)1(F)1(I)10,0.9130434782608695,0.0,0.0,8.695652173913043,0.0,0.0,0.6216216216216216,0.0,0.0,0.05405405405405406,0.0,0.0,0.5675675675675675,0.0,[]
59,,Mon Sep 21 11:05:25 EDT 2020,AWekaSDModel.java,1600700725768,1513,1513,(I)24,1.0,0.0,0.0,0.0,0.0,0.0,24.0,0.0,0.0,0.0,0.0,0.0,24.0,0.0,[]
60,,Mon Sep 21 11:05:28 EDT 2020,AWekaSDModel.java,1600700728037,26130,0,(I)25,1.0,0.0,0.0,0.0,0.0,0.0,0.9615384615384616,0.0,0.0,0.0,0.0,0.0,0.9615384615384616,0.0,[]
61,,Mon Sep 21 11:05:54 EDT 2020,AWekaSDModel.java,1600700754164,17716,0,(I)25,1.0,0.0,0.0,0.0,0.0,0.0,1.4705882352941178,0.0,0.0,0.0,0.0,0.0,1.4705882352941178,0.0,[]
62,,Mon Sep 21 11:06:11 EDT 2020,AWekaSDModel.java,1600700771893,2131,2131,(I)19(R)6,0.76,0.0,0.0,0.0,0.0,0.0,12.5,0.0,0.0,0.0,0.0,3.0,9.5,0.0,[]
63,,Mon Sep 21 11:06:14 EDT 2020,AWekaSDModel.java,1600700774136,3248,3248,(R)2(I)23,0.92,0.0,0.0,0.0,0.0,0.0,8.333333333333334,0.0,0.0,0.0,0.0,0.6666666666666666,7.666666666666667,0.0,[]
64,,Mon Sep 21 11:06:17 EDT 2020,WekaUtil.java,1600700777398,33814,0,(I)22,1.0,0.0,0.0,0.0,0.0,0.0,0.6666666666666666,0.0,0.0,0.0,0.0,0.0,0.6666666666666666,2.0,[1600700793038 4 4-Tour-C-Java.pptx - Google Slides https://docs.google.com/presentation/d/1emT4IDbdCAi1Ew1nP6T0ab7Qq3pIQ9nM/edit#slide=id.p65, 1600700794986 2 4-Tour-C-Java.pptx - Google Slides https://docs.google.com/presentation/d/1emT4IDbdCAi1Ew1nP6T0ab7Qq3pIQ9nM/edit#slide=id.p66]
65,,Mon Sep 21 11:06:51 EDT 2020,WekaUtil.java,1600700811303,2416,2416,(I)12(R)2(I)11,0.92,0.0,0.0,0.0,0.0,0.0,12.5,0.0,0.0,0.0,0.0,1.0,11.5,0.0,[]
66,,Mon Sep 21 11:06:53 EDT 2020,WekaUtil.java,1600700813733,3263,3263,(I)25,1.0,0.0,0.0,0.0,0.0,0.0,8.333333333333334,0.0,0.0,0.0,0.0,0.0,8.333333333333334,0.0,[]
67,,Mon Sep 21 11:06:57 EDT 2020,WekaUtil.java,1600700817375,4752,4752,(I)7(R)8(I)6(R)2(I)2,0.6,0.0,0.0,0.0,0.0,0.0,6.25,0.0,0.0,0.0,0.0,2.5,3.75,0.0,[]
68,,Mon Sep 21 11:07:02 EDT 2020,WekaUtil.java,1600700822303,17289,0,(I)11(R)2(I)12,0.92,0.0,0.0,0.0,0.0,0.0,1.4705882352941178,0.0,0.0,0.0,0.0,0.11764705882352941,1.3529411764705883,0.0,[]
69,,Mon Sep 21 11:07:20 EDT 2020,WekaUtil.java,1600700840110,4362,4362,(R)3(I)1(R)3(I)17,0.75,0.0,0.0,0.0,0.0,0.0,6.0,0.0,0.0,0.0,0.0,1.5,4.5,0.0,[]
70,,Mon Sep 21 11:07:24 EDT 2020,WekaUtil.java,1600700844487,3361,3361,(I)21(R)4,0.84,0.0,0.0,0.0,0.0,0.0,8.333333333333334,0.0,0.0,0.0,0.0,1.3333333333333333,7.0,0.0,[]
71,,Mon Sep 21 11:07:27 EDT 2020,WekaUtil.java,1600700847975,6503,6503,(R)2(I)10(R)4(I)9,0.76,0.0,0.0,0.0,0.0,0.0,4.166666666666667,0.0,0.0,0.0,0.0,1.0,3.1666666666666665,0.0,[]
72,,Mon Sep 21 11:07:34 EDT 2020,WekaUtil.java,1600700854492,4698,4698,(I)7(R)4(I)14,0.84,0.0,0.0,0.0,0.0,0.0,6.25,0.0,0.0,0.0,0.0,1.0,5.25,0.0,[]
73,,Mon Sep 21 11:07:39 EDT 2020,WekaUtil.java,1600700859215,1840,1840,(I)9(R)10(I)6,0.6,0.0,0.0,0.0,0.0,0.0,25.0,0.0,0.0,0.0,0.0,10.0,15.0,0.0,[]
74,,Mon Sep 21 11:07:41 EDT 2020,WekaUtil.java,1600700861128,4735,4735,(I)25,1.0,0.0,0.0,0.0,0.0,0.0,6.25,0.0,0.0,0.0,0.0,0.0,6.25,0.0,[]
75,,Mon Sep 21 11:07:45 EDT 2020,WekaUtil.java,1600700865878,6690,6690,(I)25,1.0,0.0,0.0,0.0,0.0,0.0,4.166666666666667,0.0,0.0,0.0,0.0,0.0,4.166666666666667,0.0,[]
76,,Mon Sep 21 11:07:52 EDT 2020,WekaUtil.java,1600700872582,1994,1994,(I)13(R)2(I)10,0.92,0.0,0.0,0.0,0.0,0.0,25.0,0.0,0.0,0.0,0.0,2.0,23.0,0.0,[]
77,,Mon Sep 21 11:07:54 EDT 2020,WekaUtil.java,1600700874599,5560,5560,(I)4(R)2(I)4(R)2(I)11,0.8260869565217391,0.0,0.0,0.0,0.0,0.0,4.6,0.0,0.0,0.0,0.0,0.8,3.8,0.0,[]
78,,Mon Sep 21 11:08:00 EDT 2020,WekaUtil.java,1600700880178,10654,0,(I)5(R)2(I)18,0.92,0.0,0.0,0.0,0.0,0.0,2.5,0.0,0.0,0.0,0.0,0.2,2.3,0.0,[]
79,,Mon Sep 21 11:08:10 EDT 2020,WekaUtil.java,1600700890974,5456,5456,(I)22(R)1,0.9565217391304348,0.0,0.0,0.0,0.0,0.0,4.6,0.0,0.0,0.0,0.0,0.2,4.4,0.0,[]
80,,Mon Sep 21 11:08:16 EDT 2020,WekaUtil.java,1600700896446,11832,0,(R)1(I)24,0.96,0.0,0.0,0.0,0.0,0.0,2.272727272727273,0.0,0.0,0.0,0.0,0.09090909090909091,2.1818181818181817,0.0,[]
81,,Mon Sep 21 11:08:28 EDT 2020,WekaUtil.java,1600700908292,5757,5757,(I)9(R)12(I)4,0.52,0.0,0.0,0.0,0.0,0.0,5.0,0.0,0.0,0.0,0.0,2.4,2.6,0.0,[]
82,,Mon Sep 21 11:08:34 EDT 2020,WekaUtil.java,1600700914350,4960,4960,(I)12(R)4(I)2(R)2(I)5,0.76,0.0,0.0,0.0,0.0,0.0,6.25,0.0,0.0,0.0,0.0,1.5,4.75,0.0,[]
83,,Mon Sep 21 11:08:39 EDT 2020,WekaUtil.java,1600700919327,13556,0,(I)14(F)2(I)2(R)1(I)2,0.8571428571428571,0.0,0.0,9.523809523809524,0.0,0.0,1.6153846153846154,0.0,0.0,0.15384615384615385,0.0,0.07692307692307693,1.3846153846153846,1.0,[]
84,,Mon Sep 21 11:08:53 EDT 2020,WekaUtil.java,1600700933284,14426,0,(I)1(R)1(I)20,0.9545454545454546,0.0,0.0,0.0,0.0,0.0,1.5714285714285714,0.0,0.0,0.0,0.0,0.07142857142857142,1.5,0.0,[]
85,,Mon Sep 21 11:09:07 EDT 2020,WekaUtil.java,1600700947725,8266,8266,(I)7(R)6(I)12,0.76,0.0,0.0,0.0,0.0,0.0,3.125,0.0,0.0,0.0,0.0,0.75,2.375,0.0,[]
86,,Mon Sep 21 11:09:16 EDT 2020,WekaUtil.java,1600700956173,3849,3849,(I)20(R)2(I)3,0.92,0.0,0.0,0.0,0.0,0.0,8.333333333333334,0.0,0.0,0.0,0.0,0.6666666666666666,7.666666666666667,0.0,[]
87,,Mon Sep 21 11:09:20 EDT 2020,WekaUtil.java,1600700960037,6562,6562,(I)25,1.0,0.0,0.0,0.0,0.0,0.0,4.166666666666667,0.0,0.0,0.0,0.0,0.0,4.166666666666667,0.0,[]
88,,Mon Sep 21 11:09:26 EDT 2020,WekaUtil.java,1600700966669,2712,2712,(I)12(R)2(I)11,0.92,0.0,0.0,0.0,0.0,0.0,12.5,0.0,0.0,0.0,0.0,1.0,11.5,0.0,[]
89,,Mon Sep 21 11:09:29 EDT 2020,WekaUtil.java,1600700969398,2816,2816,(I)9(R)2(I)14,0.92,0.0,0.0,0.0,0.0,0.0,12.5,0.0,0.0,0.0,0.0,1.0,11.5,0.0,[]
90,,Mon Sep 21 11:09:32 EDT 2020,WekaUtil.java,1600700972358,14002,0,(I)2(R)1(I)1(F)1(I)1(R)1(I)1(F)1(I)1(R)2(I)12,0.75,0.0,0.0,8.333333333333332,0.0,0.0,1.7142857142857142,0.0,0.0,0.14285714285714285,0.0,0.2857142857142857,1.2857142857142858,0.0,[]
91,,Mon Sep 21 11:09:46 EDT 2020,WekaUtil.java,1600700986377,2303,2303,(I)5(R)6(I)14,0.76,0.0,0.0,0.0,0.0,0.0,12.5,0.0,0.0,0.0,0.0,3.0,9.5,0.0,[]
92,,Mon Sep 21 11:09:49 EDT 2020,WekaUtil.java,1600700989694,4470,4470,(I)22(R)2(I)1,0.92,0.0,0.0,0.0,0.0,0.0,6.25,0.0,0.0,0.0,0.0,0.5,5.75,0.0,[]
93,,Mon Sep 21 11:09:54 EDT 2020,WekaUtil.java,1600700994172,2385,2385,(I)7(R)6(I)11(R)1,0.72,0.0,0.0,0.0,0.0,0.0,12.5,0.0,0.0,0.0,0.0,3.5,9.0,0.0,[]
94,,Mon Sep 21 11:09:56 EDT 2020,WekaUtil.java,1600700996564,8282,8282,(R)1(I)2(R)2(I)18,0.8695652173913043,0.0,0.0,0.0,0.0,0.0,2.875,0.0,0.0,0.0,0.0,0.375,2.5,0.0,[]
95,,Mon Sep 21 11:10:04 EDT 2020,WekaUtil.java,1600701004863,75741,0,(I)4(F)2(I)17(R)1,0.875,0.0,0.0,8.333333333333332,0.0,0.0,0.32,0.0,0.0,0.02666666666666667,0.0,0.013333333333333334,0.28,0.0,[]
96,,Mon Sep 21 11:11:21 EDT 2020,WekaUtil.java,1600701081342,3,3,(I)19(R)1(I)1,0.9523809523809523,0.0,0.0,0.0,0.0,0.0,0.0,0.0,0.0,0.0,0.0,null,0.0,0.0,[]
97,,Mon Sep 21 11:11:29 EDT 2020,WekaUtil.java,1600701089186,14161,0,(I)25,1.0,0.0,0.0,0.0,0.0,0.0,1.7857142857142858,0.0,0.0,0.0,0.0,0.0,1.7857142857142858,0.0,[]
98,,Mon Sep 21 11:11:43 EDT 2020,WekaUtil.java,1600701103520,16489,0,(I)23,1.0,0.0,0.0,0.0,0.0,0.0,1.4375,0.0,0.0,0.0,0.0,0.0,1.4375,0.0,[]
99,,Mon Sep 21 11:12:00 EDT 2020,WekaUtil.java,1600701120286,16770,0,(I)25,1.0,0.0,0.0,0.0,0.0,0.0,1.5625,0.0,0.0,0.0,0.0,0.0,1.5625,0.0,[]
100,,Mon Sep 21 11:12:17 EDT 2020,WekaUtil.java,1600701137525,1824,1824,(I)18(R)7,0.72,0.0,0.0,0.0,0.0,0.0,25.0,0.0,0.0,0.0,0.0,7.0,18.0,0.0,[]
101,,Mon Sep 21 11:12:19 EDT 2020,WekaUtil.java,1600701139350,2681,2681,(R)9(I)16,0.64,0.0,0.0,0.0,0.0,0.0,12.5,0.0,0.0,0.0,0.0,4.5,8.0,0.0,[]
102,,Mon Sep 21 11:12:25 EDT 2020,WekaUtil.java,1600701145229,4595,4595,(I)19(R)2(I)4,0.92,0.0,0.0,0.0,0.0,0.0,6.25,0.0,0.0,0.0,0.0,0.5,5.75,0.0,[]
103,,Mon Sep 21 11:12:29 EDT 2020,WekaUtil.java,1600701149901,13433,0,(I)12(R)2(I)3(R)1(I)3,0.8571428571428571,0.0,0.0,0.0,0.0,0.0,1.6153846153846154,0.0,0.0,0.0,0.0,0.23076923076923078,1.3846153846153846,0.0,[]
104,,Mon Sep 21 11:12:45 EDT 2020,WekaUtil.java,1600701165857,4228,4228,(R)11(I)9(R)4,0.375,0.0,0.0,0.0,0.0,0.0,6.0,0.0,0.0,0.0,0.0,3.75,2.25,0.0,[]
105,,Mon Sep 21 11:12:50 EDT 2020,WekaUtil.java,1600701170206,14871,0,(R)5(I)10(R)1(I)7,0.7391304347826086,0.0,0.0,0.0,0.0,0.0,1.6428571428571428,0.0,0.0,0.0,0.0,0.42857142857142855,1.2142857142857142,0.0,[]
106,,Mon Sep 21 11:13:06 EDT 2020,WekaUtil.java,1600701186613,3881,3881,(I)5(R)1(I)16,0.9545454545454546,0.0,0.0,0.0,0.0,0.0,7.333333333333333,0.0,0.0,0.0,0.0,0.3333333333333333,7.0,0.0,[]
107,,Mon Sep 21 11:13:10 EDT 2020,WekaUtil.java,1600701190702,64473,0,(I)6(R)10(I)8,0.5833333333333334,0.0,0.0,0.0,0.0,0.0,0.375,0.0,0.0,0.0,0.0,0.15625,0.21875,0.0,[]
108,,Mon Sep 21 11:14:15 EDT 2020,WekaUtil.java,1600701255308,4288,4288,(I)14(R)4(I)7,0.84,0.0,0.0,0.0,0.0,0.0,6.25,0.0,0.0,0.0,0.0,1.0,5.25,0.0,[]
109,,Mon Sep 21 11:14:19 EDT 2020,WekaUtil.java,1600701259600,5711,5711,(I)25,1.0,0.0,0.0,0.0,0.0,0.0,5.0,0.0,0.0,0.0,0.0,0.0,5.0,0.0,[]
110,,Mon Sep 21 11:14:25 EDT 2020,WekaUtil.java,1600701265420,3360,3360,(I)25,1.0,0.0,0.0,0.0,0.0,0.0,8.333333333333334,0.0,0.0,0.0,0.0,0.0,8.333333333333334,0.0,[]
111,,Mon Sep 21 11:14:28 EDT 2020,WekaUtil.java,1600701268783,21729,0,(I)25,1.0,0.0,0.0,0.0,0.0,0.0,1.1904761904761905,0.0,0.0,0.0,0.0,0.0,1.1904761904761905,0.0,[]
112,,Mon Sep 21 11:14:50 EDT 2020,WekaUtil.java,1600701290916,6418,6418,(I)22(R)2(I)1,0.92,0.0,0.0,0.0,0.0,0.0,4.166666666666667,0.0,0.0,0.0,0.0,0.3333333333333333,3.8333333333333335,0.0,[]
113,,Mon Sep 21 11:14:57 EDT 2020,WekaUtil.java,1600701297337,15083,0,(I)1(R)2(I)22,0.92,0.0,0.0,0.0,0.0,0.0,1.6666666666666667,0.0,0.0,0.0,0.0,0.13333333333333333,1.5333333333333334,0.0,[]
114,,Mon Sep 21 11:15:12 EDT 2020,WekaUtil.java,1600701312501,31749,0,(I)15(R)2(F)2(I)2,0.8095238095238095,0.0,0.0,9.523809523809524,0.0,0.0,0.6774193548387096,0.0,0.0,0.06451612903225806,0.0,0.06451612903225806,0.5483870967741935,0.0,[]
115,,Mon Sep 21 11:15:44 EDT 2020,WekaUtil.java,1600701344418,28602,0,(I)1(R)2(I)18,0.9047619047619048,0.0,0.0,0.0,0.0,0.0,0.75,0.0,0.0,0.0,0.0,0.07142857142857142,0.6785714285714286,0.0,[]
116,,Mon Sep 21 11:16:13 EDT 2020,WekaUtil.java,1600701373023,11671,0,(I)1(R)6(I)18,0.76,0.0,0.0,0.0,0.0,0.0,2.272727272727273,0.0,0.0,0.0,0.0,0.5454545454545454,1.7272727272727273,0.0,[]
117,,Mon Sep 21 11:16:24 EDT 2020,WekaUtil.java,1600701384732,2129,2129,(I)25,1.0,0.0,0.0,0.0,0.0,0.0,12.5,0.0,0.0,0.0,0.0,0.0,12.5,0.0,[]
118,,Mon Sep 21 11:16:26 EDT 2020,WekaUtil.java,1600701386863,13256,0,(I)13(R)2(I)10,0.92,0.0,0.0,0.0,0.0,0.0,1.9230769230769231,0.0,0.0,0.0,0.0,0.15384615384615385,1.7692307692307692,0.0,[]
119,,Mon Sep 21 11:16:40 EDT 2020,WekaUtil.java,1600701400260,17719,0,(I)16(R)1(I)1(R)1(I)6,0.92,0.0,0.0,0.0,0.0,0.0,1.4705882352941178,0.0,0.0,0.0,0.0,0.11764705882352941,1.3529411764705883,0.0,[]
120,,Mon Sep 21 11:16:57 EDT 2020,WekaUtil.java,1600701417982,2056,2056,(I)25,1.0,0.0,0.0,0.0,0.0,0.0,12.5,0.0,0.0,0.0,0.0,0.0,12.5,0.0,[]
121,,Mon Sep 21 11:17:00 EDT 2020,WekaUtil.java,1600701420122,3873,3873,(I)18(R)2(I)5,0.92,0.0,0.0,0.0,0.0,0.0,8.333333333333334,0.0,0.0,0.0,0.0,0.6666666666666666,7.666666666666667,0.0,[]
122,,Mon Sep 21 11:17:03 EDT 2020,WekaUtil.java,1600701423998,7200,7200,(I)9(R)2(I)12,0.9130434782608695,0.0,0.0,0.0,0.0,0.0,3.2857142857142856,0.0,0.0,0.0,0.0,0.2857142857142857,3.0,0.0,[]
123,,Mon Sep 21 11:17:11 EDT 2020,WekaUtil.java,1600701431836,13590,0,(I)8(R)6(I)6(R)5,0.56,0.0,0.0,0.0,0.0,0.0,1.9230769230769231,0.0,0.0,0.0,0.0,0.8461538461538461,1.0769230769230769,0.0,[]
124,,Mon Sep 21 11:17:25 EDT 2020,WekaUtil.java,1600701445427,5927,5927,(R)5(I)16(R)1,0.7272727272727273,0.0,0.0,0.0,0.0,0.0,4.4,0.0,0.0,0.0,0.0,1.2,3.2,0.0,[]
125,,Mon Sep 21 11:17:31 EDT 2020,WekaUtil.java,1600701451356,46715,0,(R)5(I)8(R)4(I)8,0.64,0.0,0.0,0.0,0.0,0.0,0.5434782608695652,0.0,0.0,0.0,0.0,0.1956521739130435,0.34782608695652173,0.0,[]
126,,Mon Sep 21 11:18:18 EDT 2020,WekaUtil.java,1600701498194,2712,2712,(I)25,1.0,0.0,0.0,0.0,0.0,0.0,12.5,0.0,0.0,0.0,0.0,0.0,12.5,0.0,[]
127,,Mon Sep 21 11:18:20 EDT 2020,WekaUtil.java,1600701500908,5394,5394,(I)25,1.0,0.0,0.0,0.0,0.0,0.0,5.0,0.0,0.0,0.0,0.0,0.0,5.0,0.0,[]
128,,Mon Sep 21 11:18:26 EDT 2020,WekaUtil.java,1600701506482,4393,4393,(I)25,1.0,0.0,0.0,0.0,0.0,0.0,6.25,0.0,0.0,0.0,0.0,0.0,6.25,0.0,[]
129,,Mon Sep 21 11:18:30 EDT 2020,WekaUtil.java,1600701510877,2975,2975,(I)25,1.0,0.0,0.0,0.0,0.0,0.0,12.5,0.0,0.0,0.0,0.0,0.0,12.5,0.0,[]
130,,Mon Sep 21 11:18:33 EDT 2020,WekaUtil.java,1600701513932,15792,0,(I)8(R)2(I)15,0.92,0.0,0.0,0.0,0.0,0.0,1.6666666666666667,0.0,0.0,0.0,0.0,0.13333333333333333,1.5333333333333334,0.0,[]
131,,Mon Sep 21 11:18:49 EDT 2020,WekaUtil.java,1600701529740,6709,6709,(I)25,1.0,0.0,0.0,0.0,0.0,0.0,4.166666666666667,0.0,0.0,0.0,0.0,0.0,4.166666666666667,0.0,[]
132,,Mon Sep 21 11:18:56 EDT 2020,WekaUtil.java,1600701536849,91775,0,(R)4(I)21,0.84,0.0,0.0,0.0,0.0,0.0,0.27472527472527475,0.0,0.0,0.0,0.0,0.04395604395604396,0.23076923076923078,0.0,[]
133,,Mon Sep 21 11:20:28 EDT 2020,WekaUtil.java,1600701628835,384,384,(I)25,1.0,0.0,0.0,0.0,0.0,0.0,0.0,0.0,0.0,0.0,0.0,null,0.0,0.0,[]
134,,Mon Sep 21 11:20:29 EDT 2020,WekaUtil.java,1600701629364,8839,8839,(I)20(R)2(I)3,0.92,0.0,0.0,0.0,0.0,0.0,3.125,0.0,0.0,0.0,0.0,0.25,2.875,0.0,[]
135,,Mon Sep 21 11:20:41 EDT 2020,WekaUtil.java,1600701641857,339,339,(I)17(R)2(I)6,0.92,0.0,0.0,0.0,0.0,0.0,0.0,0.0,0.0,0.0,0.0,null,0.0,0.0,[]
136,,Mon Sep 21 11:20:42 EDT 2020,WekaUtil.java,1600701642443,34214,0,(I)9(R)5(I)11,0.8,0.0,0.0,0.0,0.0,0.0,0.7352941176470589,0.0,0.0,0.0,0.0,0.14705882352941177,0.5882352941176471,0.0,[]
137,,Mon Sep 21 11:21:17 EDT 2020,WekaUtil.java,1600701677586,3690,3690,(I)3(R)1(I)21,0.96,0.0,0.0,0.0,0.0,0.0,8.333333333333334,0.0,0.0,0.0,0.0,0.3333333333333333,8.0,0.0,[]
138,,Mon Sep 21 11:21:21 EDT 2020,WekaUtil.java,1600701681675,290,290,(I)19(R)1(I)5,0.96,0.0,0.0,0.0,0.0,0.0,0.0,0.0,0.0,0.0,0.0,null,0.0,0.0,[]
139,,Mon Sep 21 11:21:22 EDT 2020,WekaUtil.java,1600701682107,10071,0,(I)7(R)1(I)15,0.9565217391304348,0.0,0.0,0.0,0.0,0.0,2.3,0.0,0.0,0.0,0.0,0.1,2.2,0.0,[]
140,,Mon Sep 21 11:21:36 EDT 2020,WekaUtil.java,1600701696937,15201,0,(I)12(R)2(I)11,0.92,0.0,0.0,0.0,0.0,0.0,1.6666666666666667,0.0,0.0,0.0,0.0,0.13333333333333333,1.5333333333333334,0.0,[]
141,,Mon Sep 21 11:21:52 EDT 2020,WekaUtil.java,1600701712140,28585,0,(I)15(R)2(I)8,0.92,0.0,0.0,0.0,0.0,0.0,0.8928571428571429,0.0,0.0,0.0,0.0,0.07142857142857142,0.8214285714285714,0.0,[]
142,,Mon Sep 21 11:22:20 EDT 2020,WekaUtil.java,1600701740906,25561,0,(I)4(R)2(I)19,0.92,0.0,0.0,0.0,0.0,0.0,1.0,0.0,0.0,0.0,0.0,0.08,0.92,0.0,[]
143,,Mon Sep 21 11:22:46 EDT 2020,WekaUtil.java,1600701766471,3341,3341,(I)9(R)2(I)14,0.92,0.0,0.0,0.0,0.0,0.0,8.333333333333334,0.0,0.0,0.0,0.0,0.6666666666666666,7.666666666666667,0.0,[]
144,,Mon Sep 21 11:22:50 EDT 2020,WekaUtil.java,1600701770041,8067,8067,(I)25,1.0,0.0,0.0,0.0,0.0,0.0,3.125,0.0,0.0,0.0,0.0,0.0,3.125,0.0,[]
145,,Mon Sep 21 11:22:58 EDT 2020,WekaUtil.java,1600701778111,3025,3025,(I)2(R)4(I)12(R)4(I)3,0.68,0.0,0.0,0.0,0.0,0.0,8.333333333333334,0.0,0.0,0.0,0.0,2.6666666666666665,5.666666666666667,0.0,[]
146,,Mon Sep 21 11:23:01 EDT 2020,WekaUtil.java,1600701781139,3351,3351,(I)25,1.0,0.0,0.0,0.0,0.0,0.0,8.333333333333334,0.0,0.0,0.0,0.0,0.0,8.333333333333334,0.0,[]
147,,Mon Sep 21 11:23:06 EDT 2020,WekaUtil.java,1600701786256,32791,0,(I)18,1.0,0.0,0.0,0.0,0.0,0.0,0.5625,0.0,0.0,0.0,0.0,0.0,0.5625,2.0,[1600701812322 4 4-Tour-C-Java.pptx - Google Slides https://docs.google.com/presentation/d/1emT4IDbdCAi1Ew1nP6T0ab7Qq3pIQ9nM/edit#slide=id.p66, 1600701812961 3 4-Tour-C-Java.pptx - Google Slides https://docs.google.com/presentation/d/1emT4IDbdCAi1Ew1nP6T0ab7Qq3pIQ9nM/edit#slide=id.p67]
148,,Mon Sep 21 11:23:39 EDT 2020,WekaUtil.java,1600701819774,7204,7204,(I)25,1.0,0.0,0.0,0.0,0.0,0.0,3.5714285714285716,0.0,0.0,0.0,0.0,0.0,3.5714285714285716,0.0,[]
149,,Mon Sep 21 11:23:47 EDT 2020,WekaUtil.java,1600701827064,3576,3576,(I)25,1.0,0.0,0.0,0.0,0.0,0.0,8.333333333333334,0.0,0.0,0.0,0.0,0.0,8.333333333333334,0.0,[]
150,,Mon Sep 21 11:23:50 EDT 2020,WekaUtil.java,1600701830644,1983,1983,(I)25,1.0,0.0,0.0,0.0,0.0,0.0,25.0,0.0,0.0,0.0,0.0,0.0,25.0,0.0,[]
151,,Mon Sep 21 11:23:55 EDT 2020,WekaUtil.java,1600701835753,8690,8690,(I)25,1.0,0.0,0.0,0.0,0.0,0.0,3.125,0.0,0.0,0.0,0.0,0.0,3.125,0.0,[]
152,,Mon Sep 21 11:24:04 EDT 2020,WekaUtil.java,1600701844554,1799,1799,(I)6(R)14(I)5,0.44,0.0,0.0,0.0,0.0,0.0,25.0,0.0,0.0,0.0,0.0,14.0,11.0,0.0,[]
153,,Mon Sep 21 11:24:06 EDT 2020,WekaUtil.java,1600701846355,2365,2365,(I)25,1.0,0.0,0.0,0.0,0.0,0.0,12.5,0.0,0.0,0.0,0.0,0.0,12.5,0.0,[]
154,,Mon Sep 21 11:24:35 EDT 2020,WekaUtil.java,1600701875994,6793,6793,(I)23,1.0,0.0,0.0,0.0,0.0,0.0,3.8333333333333335,0.0,0.0,0.0,0.0,0.0,3.8333333333333335,0.0,[]
155,,Mon Sep 21 11:24:42 EDT 2020,WekaUtil.java,1600701882790,28218,0,(I)14,1.0,0.0,0.0,0.0,0.0,0.0,0.5,0.0,0.0,0.0,0.0,0.0,0.5,0.0,[]
156,,Mon Sep 21 11:25:11 EDT 2020,WekaUtil.java,1600701911080,467,467,(I)25,1.0,0.0,0.0,0.0,0.0,0.0,0.0,0.0,0.0,0.0,0.0,null,0.0,0.0,[]
157,,Mon Sep 21 11:25:20 EDT 2020,WekaUtil.java,1600701920763,4168,4168,(I)25,1.0,0.0,0.0,0.0,0.0,0.0,6.25,0.0,0.0,0.0,0.0,0.0,6.25,0.0,[]
158,,Mon Sep 21 11:25:25 EDT 2020,WekaUtil.java,1600701925020,5961,5961,(I)5,1.0,0.0,0.0,0.0,0.0,0.0,1.0,0.0,0.0,0.0,0.0,0.0,1.0,0.0,[]
159,,Mon Sep 21 11:25:31 EDT 2020,WekaUtil.java,1600701931166,4293,4293,(I)3,1.0,0.0,0.0,0.0,0.0,0.0,0.75,0.0,0.0,0.0,0.0,0.0,0.75,0.0,[]
160,,Mon Sep 21 11:25:35 EDT 2020,WekaUtil.java,1600701935492,2161,2161,(R)21,0.0,0.0,0.0,0.0,0.0,0.0,10.5,0.0,0.0,0.0,0.0,10.5,0.0,0.0,[]
161,,Mon Sep 21 11:25:37 EDT 2020,WekaUtil.java,1600701937655,397,397,(R)25,0.0,0.0,0.0,0.0,0.0,0.0,0.0,0.0,0.0,0.0,0.0,null,0.0,0.0,[]
162,,Mon Sep 21 11:25:38 EDT 2020,WekaUtil.java,1600701938082,12333,0,(R)10(I)8(R)2(I)3,0.4782608695652174,0.0,0.0,0.0,0.0,0.0,1.9166666666666667,0.0,0.0,0.0,0.0,1.0,0.9166666666666666,0.0,[]
163,,Mon Sep 21 11:25:50 EDT 2020,WekaUtil.java,1600701950435,10558,0,(I)3(R)2(I)20,0.92,0.0,0.0,0.0,0.0,0.0,2.5,0.0,0.0,0.0,0.0,0.2,2.3,0.0,[]
164,,Mon Sep 21 11:26:01 EDT 2020,WekaUtil.java,1600701961544,8226,8226,(I)7(R)2(I)10(R)2(I)2,0.8260869565217391,0.0,0.0,0.0,0.0,0.0,2.875,0.0,0.0,0.0,0.0,0.5,2.375,0.0,[]
165,,Mon Sep 21 11:26:09 EDT 2020,WekaUtil.java,1600701969823,3476,3476,(I)8(R)2(I)13,0.9130434782608695,0.0,0.0,0.0,0.0,0.0,7.666666666666667,0.0,0.0,0.0,0.0,0.6666666666666666,7.0,0.0,[]
166,,Mon Sep 21 11:26:15 EDT 2020,WekaUtil.java,1600701975970,25277,0,(I)3(R)6(I)15,0.75,0.0,0.0,0.0,0.0,0.0,0.96,0.0,0.0,0.0,0.0,0.24,0.72,0.0,[]
167,,Mon Sep 21 11:26:21 EDT 2020,WekaUtil.java,1600701981556,20802,0,(I)22(R)2(I)1,0.92,0.0,0.0,0.0,0.0,0.0,1.25,0.0,0.0,0.0,0.0,0.1,1.15,0.0,[]
168,,Mon Sep 21 11:26:42 EDT 2020,WekaUtil.java,1600702002678,7474,7474,(I)5(R)2(I)18,0.92,0.0,0.0,0.0,0.0,0.0,3.5714285714285716,0.0,0.0,0.0,0.0,0.2857142857142857,3.2857142857142856,0.0,[]
169,,Mon Sep 21 11:26:50 EDT 2020,WekaUtil.java,1600702010225,3275,3275,(I)25,1.0,0.0,0.0,0.0,0.0,0.0,8.333333333333334,0.0,0.0,0.0,0.0,0.0,8.333333333333334,0.0,[]
170,,Mon Sep 21 11:26:53 EDT 2020,WekaUtil.java,1600702013594,5414,5414,(I)7(R)2(I)4(R)4(I)8,0.76,0.0,0.0,0.0,0.0,0.0,5.0,0.0,0.0,0.0,0.0,1.2,3.8,0.0,[]
171,,Mon Sep 21 11:26:59 EDT 2020,WekaUtil.java,1600702019080,2059,2059,(I)3(R)2(I)4(R)4(I)10,0.7391304347826086,0.0,0.0,0.0,0.0,0.0,11.5,0.0,0.0,0.0,0.0,3.0,8.5,0.0,[]
172,,Mon Sep 21 11:27:18 EDT 2020,WekaUtil.java,1600702038034,17773,0,(I)1(R)1(I)3(R)1(I)1(F)2(I)3(R)1(I)1(R)1(I)3(R)1(I)2(R)1(I)3,0.68,0.0,0.0,8.0,0.0,0.0,1.4705882352941178,0.0,0.0,0.11764705882352941,0.0,0.35294117647058826,1.0,0.0,[]
173,,Mon Sep 21 11:27:37 EDT 2020,WekaUtil.java,1600702057080,81440,0,(I)20(R)2(I)3,0.92,0.0,0.0,0.0,0.0,0.0,0.30864197530864196,0.0,0.0,0.0,0.0,0.024691358024691357,0.2839506172839506,0.0,[]
174,,Mon Sep 21 11:28:58 EDT 2020,WekaUtil.java,1600702138522,7071,7071,(I)25,1.0,0.0,0.0,0.0,0.0,0.0,3.5714285714285716,0.0,0.0,0.0,0.0,0.0,3.5714285714285716,0.0,[]
175,,Mon Sep 21 11:29:05 EDT 2020,WekaUtil.java,1600702145727,4087,4087,(I)16(R)2(I)2(R)3,0.782608695652174,0.0,0.0,0.0,0.0,0.0,5.75,0.0,0.0,0.0,0.0,1.25,4.5,0.0,[]
176,,Mon Sep 21 11:29:09 EDT 2020,WekaUtil.java,1600702149816,13783,0,(R)1(I)6(R)1(I)2(R)1(I)11,0.8636363636363636,0.0,0.0,0.0,0.0,0.0,1.6923076923076923,0.0,0.0,0.0,0.0,0.23076923076923078,1.4615384615384615,0.0,[]
177,,Mon Sep 21 11:29:25 EDT 2020,WekaUtil.java,1600702165291,9934,9934,(I)7(R)1(I)2(R)1(I)12,0.9130434782608695,0.0,0.0,0.0,0.0,0.0,2.5555555555555554,0.0,0.0,0.0,0.0,0.2222222222222222,2.3333333333333335,0.0,[]
178,,Mon Sep 21 11:29:35 EDT 2020,WekaUtil.java,1600702175329,708,708,(I)25,1.0,0.0,0.0,0.0,0.0,0.0,0.0,0.0,0.0,0.0,0.0,null,0.0,0.0,[]
179,,Mon Sep 21 11:29:36 EDT 2020,WekaUtil.java,1600702176581,5779,5779,(I)3(R)1(I)4(R)2(I)4(R)1(I)6(R)2(I)2,0.76,0.0,0.0,0.0,0.0,0.0,5.0,0.0,0.0,0.0,0.0,1.2,3.8,0.0,[]
180,,Mon Sep 21 11:29:42 EDT 2020,WekaUtil.java,1600702182401,1324,1324,(I)4(R)3(I)7(R)2(I)6(R)3,0.68,0.0,0.0,0.0,0.0,0.0,25.0,0.0,0.0,0.0,0.0,8.0,17.0,0.0,[]
181,,Mon Sep 21 11:29:44 EDT 2020,WekaUtil.java,1600702184277,13308,0,(I)25,1.0,0.0,0.0,0.0,0.0,0.0,1.9230769230769231,0.0,0.0,0.0,0.0,0.0,1.9230769230769231,0.0,[]
182,,Mon Sep 21 11:29:57 EDT 2020,WekaUtil.java,1600702197680,2149,2149,(I)4(R)2(I)13(R)2(I)4,0.84,0.0,0.0,0.0,0.0,0.0,12.5,0.0,0.0,0.0,0.0,2.0,10.5,0.0,[]
183,,Mon Sep 21 11:29:59 EDT 2020,WekaUtil.java,1600702199949,4868,4868,(I)3(R)4(I)5(R)4(I)1(R)2(I)5(F)1,0.56,0.0,0.0,4.0,0.0,0.0,6.25,0.0,0.0,0.25,0.0,2.5,3.5,0.0,[]
184,,Mon Sep 21 11:30:08 EDT 2020,WekaUtil.java,1600702208747,13954,0,(F)1(I)2(R)2(I)13(R)4(I)3,0.72,0.0,0.0,4.0,0.0,0.0,1.9230769230769231,0.0,0.0,0.07692307692307693,0.0,0.46153846153846156,1.3846153846153846,0.0,[]
185,,Mon Sep 21 11:30:22 EDT 2020,WekaUtil.java,1600702222703,3218,3218,(I)25,1.0,0.0,0.0,0.0,0.0,0.0,8.333333333333334,0.0,0.0,0.0,0.0,0.0,8.333333333333334,0.0,[]
186,,Mon Sep 21 11:30:26 EDT 2020,WekaUtil.java,1600702226373,3657,3657,(I)4(R)4(I)2(R)2(I)4(R)4(I)5,0.6,0.0,0.0,0.0,0.0,0.0,8.333333333333334,0.0,0.0,0.0,0.0,3.3333333333333335,5.0,0.0,[]
187,,Mon Sep 21 11:30:30 EDT 2020,WekaUtil.java,1600702230033,6843,6843,(I)25,1.0,0.0,0.0,0.0,0.0,0.0,4.166666666666667,0.0,0.0,0.0,0.0,0.0,4.166666666666667,0.0,[]
188,,Mon Sep 21 11:30:36 EDT 2020,WekaUtil.java,1600702236879,3904,3904,(I)21(R)4,0.84,0.0,0.0,0.0,0.0,0.0,8.333333333333334,0.0,0.0,0.0,0.0,1.3333333333333333,7.0,0.0,[]
189,,Mon Sep 21 11:30:41 EDT 2020,WekaUtil.java,1600702241006,31074,0,(I)7(R)2(I)14,0.9130434782608695,0.0,0.0,0.0,0.0,0.0,0.7419354838709677,0.0,0.0,0.0,0.0,0.06451612903225806,0.6774193548387096,0.0,[]
190,,Mon Sep 21 11:31:12 EDT 2020,WekaUtil.java,1600702272166,3264,3264,(I)23(R)2,0.92,0.0,0.0,0.0,0.0,0.0,8.333333333333334,0.0,0.0,0.0,0.0,0.6666666666666666,7.666666666666667,0.0,[]
191,,Mon Sep 21 11:31:15 EDT 2020,WekaUtil.java,1600702275805,5594,5594,(R)2(I)23,0.92,0.0,0.0,0.0,0.0,0.0,5.0,0.0,0.0,0.0,0.0,0.4,4.6,0.0,[]
192,,Mon Sep 21 11:31:21 EDT 2020,WekaUtil.java,1600702281401,16633,0,(I)16(R)3(I)4,0.8695652173913043,0.0,0.0,0.0,0.0,0.0,1.4375,0.0,0.0,0.0,0.0,0.1875,1.25,0.0,[]
193,,Mon Sep 21 11:31:38 EDT 2020,WekaUtil.java,1600702298073,8631,8631,(I)1(R)2(I)2(R)5(I)2(R)5(I)5,0.45454545454545453,0.0,0.0,0.0,0.0,0.0,2.75,0.0,0.0,0.0,0.0,1.5,1.25,0.0,[]
194,,Mon Sep 21 11:31:46 EDT 2020,WekaUtil.java,1600702306833,1716,1716,(I)4(R)3(I)11(R)3(I)2(R)2,0.68,0.0,0.0,0.0,0.0,0.0,25.0,0.0,0.0,0.0,0.0,8.0,17.0,0.0,[]
195,,Mon Sep 21 11:31:48 EDT 2020,WekaUtil.java,1600702308685,2395,2395,(R)1(I)5(R)5(I)5(R)3(I)6,0.64,0.0,0.0,0.0,0.0,0.0,12.5,0.0,0.0,0.0,0.0,4.5,8.0,0.0,[]
196,,Mon Sep 21 11:31:51 EDT 2020,WekaUtil.java,1600702311494,27531,0,(R)3(I)3(R)1(I)6(R)3(I)2(R)3(I)4,0.6,0.0,0.0,0.0,0.0,0.0,0.9259259259259259,0.0,0.0,0.0,0.0,0.37037037037037035,0.5555555555555556,0.0,[]
197,,Mon Sep 21 11:32:20 EDT 2020,WekaUtil.java,1600702340015,10353,0,(R)3(I)3(R)2(I)7(R)2(I)8,0.72,0.0,0.0,0.0,0.0,0.0,2.5,0.0,0.0,0.0,0.0,0.7,1.8,0.0,[]
198,,Mon Sep 21 11:32:31 EDT 2020,WekaUtil.java,1600702351076,1664,1664,(I)22(R)1,0.9565217391304348,0.0,0.0,0.0,0.0,0.0,23.0,0.0,0.0,0.0,0.0,1.0,22.0,0.0,[]
199,,Mon Sep 21 11:32:32 EDT 2020,WekaUtil.java,1600702352742,8917,8917,(R)7(I)16,0.6956521739130435,0.0,0.0,0.0,0.0,0.0,2.875,0.0,0.0,0.0,0.0,0.875,2.0,0.0,[]
200,,Mon Sep 21 11:32:41 EDT 2020,WekaUtil.java,1600702361931,4996,4996,(I)15(R)3(I)2(R)1(I)3,0.8333333333333334,0.0,0.0,0.0,0.0,0.0,6.0,0.0,0.0,0.0,0.0,1.0,5.0,0.0,[]
201,,Mon Sep 21 11:32:47 EDT 2020,WekaUtil.java,1600702367063,2892,2892,(I)6(R)3(I)2(R)2(I)8(R)4,0.64,0.0,0.0,0.0,0.0,0.0,12.5,0.0,0.0,0.0,0.0,4.5,8.0,0.0,[]
202,,Mon Sep 21 11:32:50 EDT 2020,WekaUtil.java,1600702370115,2,2,(R)2(I)18(R)5,0.72,0.0,0.0,0.0,0.0,0.0,0.0,0.0,0.0,0.0,0.0,null,0.0,0.0,[]
203,,Mon Sep 21 11:32:50 EDT 2020,WekaUtil.java,1600702370517,34361,0,(R)1(I)24,0.96,0.0,0.0,0.0,0.0,0.0,0.7352941176470589,0.0,0.0,0.0,0.0,0.029411764705882353,0.7058823529411765,0.0,[]
204,,Mon Sep 21 11:33:25 EDT 2020,WekaUtil.java,1600702405212,4351,4351,(I)18(R)3(I)3,0.875,0.0,0.0,0.0,0.0,0.0,6.0,0.0,0.0,0.0,0.0,0.75,5.25,0.0,[]
205,,Mon Sep 21 11:33:30 EDT 2020,WekaUtil.java,1600702410956,9279,9279,(I)17(R)5,0.7727272727272727,0.0,0.0,0.0,0.0,0.0,2.4444444444444446,0.0,0.0,0.0,0.0,0.5555555555555556,1.8888888888888888,0.0,[]
206,,Mon Sep 21 11:33:40 EDT 2020,WekaUtil.java,1600702420237,8579,8579,(R)1(I)24,0.96,0.0,0.0,0.0,0.0,0.0,3.125,0.0,0.0,0.0,0.0,0.125,3.0,0.0,[]
207,,Mon Sep 21 11:33:49 EDT 2020,WekaUtil.java,1600702429007,2362,2362,(I)3(R)1(I)18(R)2,0.875,0.0,0.0,0.0,0.0,0.0,12.0,0.0,0.0,0.0,0.0,1.5,10.5,0.0,[]
208,,Mon Sep 21 11:33:51 EDT 2020,WekaUtil.java,1600702431564,28715,0,(I)25,1.0,0.0,0.0,0.0,0.0,0.0,0.8928571428571429,0.0,0.0,0.0,0.0,0.0,0.8928571428571429,0.0,[]
209,,Mon Sep 21 11:34:20 EDT 2020,WekaUtil.java,1600702460451,3696,3696,(I)25,1.0,0.0,0.0,0.0,0.0,0.0,8.333333333333334,0.0,0.0,0.0,0.0,0.0,8.333333333333334,0.0,[]
210,,Mon Sep 21 11:34:24 EDT 2020,WekaUtil.java,1600702464150,3423,3423,(I)21(R)4,0.84,0.0,0.0,0.0,0.0,0.0,8.333333333333334,0.0,0.0,0.0,0.0,1.3333333333333333,7.0,0.0,[]
211,,Mon Sep 21 11:34:27 EDT 2020,WekaUtil.java,1600702467715,4809,4809,(R)2(I)20(R)1,0.8695652173913043,0.0,0.0,0.0,0.0,0.0,5.75,0.0,0.0,0.0,0.0,0.75,5.0,0.0,[]
212,,Mon Sep 21 11:34:32 EDT 2020,WekaUtil.java,1600702472528,2245,2245,(R)1(I)14(R)6(I)2(R)2,0.64,0.0,0.0,0.0,0.0,0.0,12.5,0.0,0.0,0.0,0.0,4.5,8.0,0.0,[]
213,,Mon Sep 21 11:34:35 EDT 2020,WekaUtil.java,1600702475460,5426,5426,(I)12(R)6(I)7,0.76,0.0,0.0,0.0,0.0,0.0,5.0,0.0,0.0,0.0,0.0,1.2,3.8,0.0,[]
214,,Mon Sep 21 11:34:40 EDT 2020,WekaUtil.java,1600702480888,39956,0,(I)8(F)2(I)2(R)7(I)1,0.55,0.0,0.0,10.0,0.0,0.0,0.5128205128205128,0.0,0.0,0.05128205128205128,0.0,0.1794871794871795,0.28205128205128205,0.0,[]
215,,Mon Sep 21 11:35:20 EDT 2020,WekaUtil.java,1600702520865,19914,0,(I)4(R)4(I)2(R)1(I)1(R)7(I)1(R)2,0.36363636363636365,0.0,0.0,0.0,0.0,0.0,1.1578947368421053,0.0,0.0,0.0,0.0,0.7368421052631579,0.42105263157894735,0.0,[]
216,,Mon Sep 21 11:35:41 EDT 2020,WekaUtil.java,1600702541091,12393,0,(R)2(I)17(R)6,0.68,0.0,0.0,0.0,0.0,0.0,2.0833333333333335,0.0,0.0,0.0,0.0,0.6666666666666666,1.4166666666666667,0.0,[]
217,,Mon Sep 21 11:35:53 EDT 2020,WekaUtil.java,1600702553635,6799,6799,(R)2(I)12(R)2(I)3(R)3(I)3,0.72,0.0,0.0,0.0,0.0,0.0,4.166666666666667,0.0,0.0,0.0,0.0,1.1666666666666667,3.0,0.0,[]
218,,Mon Sep 21 11:36:01 EDT 2020,WekaUtil.java,1600702561933,4361,4361,(I)22(R)2(I)1,0.92,0.0,0.0,0.0,0.0,0.0,6.25,0.0,0.0,0.0,0.0,0.5,5.75,0.0,[]
219,,Mon Sep 21 11:36:06 EDT 2020,WekaUtil.java,1600702566292,13647,0,(I)19(R)4,0.8260869565217391,0.0,0.0,0.0,0.0,0.0,1.7692307692307692,0.0,0.0,0.0,0.0,0.3076923076923077,1.4615384615384615,0.0,[]
220,,Mon Sep 21 11:36:20 EDT 2020,WekaUtil.java,1600702580746,1098,1098,(I)13(R)4(I)4,0.8095238095238095,0.0,0.0,0.0,0.0,0.0,21.0,0.0,0.0,0.0,0.0,4.0,17.0,0.0,[]
221,,Mon Sep 21 11:36:22 EDT 2020,AWekaSDModel.java,1600702582020,2833,2833,(I)25,1.0,0.0,0.0,0.0,0.0,0.0,12.5,0.0,0.0,0.0,0.0,0.0,12.5,0.0,[]
222,,Mon Sep 21 11:36:24 EDT 2020,AWekaSDModel.java,1600702584981,7850,7850,(I)8(F)1,0.8888888888888888,0.0,0.0,11.11111111111111,0.0,0.0,1.2857142857142858,0.0,0.0,0.14285714285714285,0.0,0.0,1.1428571428571428,0.0,[]
223,,Mon Sep 21 11:36:51 EDT 2020,AWekaSDModel.java,1600702611234,20581,0,(R)1(F)1(I)2(R)1(I)2(F)2(I)1(F)2(I)1(F)2(I)1(F)2(I)4,0.5,0.0,0.0,40.909090909090914,0.0,0.0,1.1,0.0,0.0,0.45,0.0,0.1,0.55,0.0,[]
224,,Mon Sep 21 11:37:17 EDT 2020,AWekaSDModel.java,1600702637868,33095,0,(I)7(F)6(R)5(I)6,0.5416666666666666,0.0,0.0,25.0,0.0,0.0,0.7272727272727273,0.0,0.0,0.18181818181818182,0.0,0.15151515151515152,0.3939393939393939,0.0,[]
225,,Mon Sep 21 11:37:50 EDT 2020,AWekaSDModel.java,1600702670964,12088,0,(I)13(F)2(I)8(F)2,0.84,0.0,0.0,16.0,0.0,0.0,2.0833333333333335,0.0,0.0,0.3333333333333333,0.0,0.0,1.75,0.0,[]
226,,Mon Sep 21 11:38:03 EDT 2020,AWekaSDModel.java,1600702683093,10221,0,(I)10(R)10(I)5,0.6,0.0,0.0,0.0,0.0,0.0,2.5,0.0,0.0,0.0,0.0,1.0,1.5,0.0,[]
227,,Mon Sep 21 11:38:13 EDT 2020,AWekaSDModel.java,1600702693342,9244,9244,(I)5(R)2(I)17,0.9166666666666666,0.0,0.0,0.0,0.0,0.0,2.6666666666666665,0.0,0.0,0.0,0.0,0.2222222222222222,2.4444444444444446,0.0,[]
228,,Mon Sep 21 11:38:24 EDT 2020,AWekaSDModel.java,1600702704137,5953,5953,(I)22(R)3,0.88,0.0,0.0,0.0,0.0,0.0,5.0,0.0,0.0,0.0,0.0,0.6,4.4,0.0,[]
229,,Mon Sep 21 11:38:30 EDT 2020,AWekaSDModel.java,1600702710100,1944,1944,(R)11(I)14,0.56,0.0,0.0,0.0,0.0,0.0,25.0,0.0,0.0,0.0,0.0,11.0,14.0,0.0,[]
230,,Mon Sep 21 11:38:32 EDT 2020,AWekaSDModel.java,1600702712962,12449,0,(R)6(I)19,0.76,0.0,0.0,0.0,0.0,0.0,2.0833333333333335,0.0,0.0,0.0,0.0,0.5,1.5833333333333333,0.0,[]
231,,Mon Sep 21 11:38:45 EDT 2020,AWekaSDModel.java,1600702725908,7816,7816,(I)14(R)1(I)5(R)5,0.76,0.0,0.0,0.0,0.0,0.0,3.5714285714285716,0.0,0.0,0.0,0.0,0.8571428571428571,2.7142857142857144,0.0,[]
232,,Mon Sep 21 11:38:54 EDT 2020,AWekaSDModel.java,1600702734010,976,976,(R)1(I)10(R)1(I)5(R)6(I)2,0.68,0.0,0.0,0.0,0.0,0.0,0.0,0.0,0.0,0.0,0.0,null,0.0,0.0,[]
233,,Mon Sep 21 11:38:55 EDT 2020,AWekaSDModel.java,1600702735890,25347,0,(I)5(R)2(I)18,0.92,0.0,0.0,0.0,0.0,0.0,1.0,0.0,0.0,0.0,0.0,0.08,0.92,0.0,[]
234,,Mon Sep 21 11:39:21 EDT 2020,AWekaSDModel.java,1600702761297,12075,0,(I)5(F)2(I)18,0.92,0.0,0.0,8.0,0.0,0.0,2.0833333333333335,0.0,0.0,0.16666666666666666,0.0,0.0,1.9166666666666667,0.0,[]
235,,Mon Sep 21 11:39:33 EDT 2020,AWekaSDModel.java,1600702773373,8018,8018,(I)1(R)4(F)2(I)2(R)4(I)7(R)3,0.43478260869565216,0.0,0.0,8.695652173913043,0.0,0.0,2.875,0.0,0.0,0.25,0.0,1.375,1.25,0.0,[]
236,,Mon Sep 21 11:39:41 EDT 2020,AWekaSDModel.java,1600702781573,-204,-204,(R)1(I)8(R)1(I)12(R)3,0.8,0.0,0.0,0.0,0.0,0.0,0.0,0.0,0.0,0.0,0.0,null,0.0,0.0,[]
237,,Mon Sep 21 11:39:41 EDT 2020,AWekaSDModel.java,1600702781553,148820,0,(R)1(I)6(R)1(I)14(R)2,0.8333333333333334,0.0,0.0,0.0,0.0,0.0,0.16216216216216217,0.0,0.0,0.0,0.0,0.02702702702702703,0.13513513513513514,0.0,[]
238,,Mon Sep 21 11:42:10 EDT 2020,AWekaSDModel.java,1600702930533,9065,9065,(R)5(I)1(R)1(I)1(R)8,0.125,0.0,0.0,0.0,0.0,0.0,1.7777777777777777,0.0,0.0,0.0,0.0,1.5555555555555556,0.2222222222222222,0.0,[]
239,,Mon Sep 21 11:42:19 EDT 2020,AWekaSDModel.java,1600702939600,77369,0,(I)2(R)1(I)3(F)2(I)1(F)4(I)1,0.5,0.0,0.0,42.857142857142854,0.0,0.0,0.18181818181818182,0.0,0.0,0.07792207792207792,0.0,0.012987012987012988,0.09090909090909091,1.0,[]
240,,Mon Sep 21 11:43:36 EDT 2020,AWekaSDModel.java,1600703016970,27772,0,(F)1(I)1(R)1(I)2(R)1(I)1(F)1(I)16,0.8333333333333334,0.0,0.0,8.333333333333332,0.0,0.0,0.8888888888888888,0.0,0.0,0.07407407407407407,0.0,0.07407407407407407,0.7407407407407407,2.0,[1600703029476 7 4-Tour-C-Java.pptx - Google Slides https://docs.google.com/presentation/d/1emT4IDbdCAi1Ew1nP6T0ab7Qq3pIQ9nM/edit#slide=id.p64, 1600703025467 6 4-Tour-C-Java.pptx - Google Slides https://docs.google.com/presentation/d/1emT4IDbdCAi1Ew1nP6T0ab7Qq3pIQ9nM/edit#slide=id.p65]
241,,Mon Sep 21 11:44:04 EDT 2020,AWekaSDModel.java,1600703044771,6462,6462,(I)23,1.0,0.0,0.0,0.0,0.0,0.0,3.8333333333333335,0.0,0.0,0.0,0.0,0.0,3.8333333333333335,0.0,[]
242,,Mon Sep 21 11:44:11 EDT 2020,AWekaSDModel.java,1600703051243,2073,2073,(I)15(R)6(I)4,0.76,0.0,0.0,0.0,0.0,0.0,12.5,0.0,0.0,0.0,0.0,3.0,9.5,0.0,[]
243,,Mon Sep 21 11:44:13 EDT 2020,AWekaSDModel.java,1600703053858,28263,0,(I)9(R)1(I)8(F)2,0.85,0.0,0.0,10.0,0.0,0.0,0.7142857142857143,0.0,0.0,0.07142857142857142,0.0,0.03571428571428571,0.6071428571428571,11.0,[1600703064489 7 4-Tour-C-Java.pptx - Google Slides https://docs.google.com/presentation/d/1emT4IDbdCAi1Ew1nP6T0ab7Qq3pIQ9nM/edit#slide=id.p65, 1600703065053 7 4-Tour-C-Java.pptx - Google Slides https://docs.google.com/presentation/d/1emT4IDbdCAi1Ew1nP6T0ab7Qq3pIQ9nM/edit#slide=id.p66, 1600703065503 5 4-Tour-C-Java.pptx - Google Slides https://docs.google.com/presentation/d/1emT4IDbdCAi1Ew1nP6T0ab7Qq3pIQ9nM/edit#slide=id.p67, 1600703066604 1 4-Tour-C-Java.pptx - Google Slides https://docs.google.com/presentation/d/1emT4IDbdCAi1Ew1nP6T0ab7Qq3pIQ9nM/edit#slide=id.p68, 1600703067623 1 4-Tour-C-Java.pptx - Google Slides https://docs.google.com/presentation/d/1emT4IDbdCAi1Ew1nP6T0ab7Qq3pIQ9nM/edit#slide=id.p69, 1600703067942 1 4-Tour-C-Java.pptx - Google Slides https://docs.google.com/presentation/d/1emT4IDbdCAi1Ew1nP6T0ab7Qq3pIQ9nM/edit#slide=id.p70, 1600703069857 2 4-Tour-C-Java.pptx - Google Slides https://docs.google.com/presentation/d/1emT4IDbdCAi1Ew1nP6T0ab7Qq3pIQ9nM/edit#slide=id.p71, 1600703070349 2 4-Tour-C-Java.pptx - Google Slides https://docs.google.com/presentation/d/1emT4IDbdCAi1Ew1nP6T0ab7Qq3pIQ9nM/edit#slide=id.p72, 1600703070788 1 4-Tour-C-Java.pptx - Google Slides https://docs.google.com/presentation/d/1emT4IDbdCAi1Ew1nP6T0ab7Qq3pIQ9nM/edit#slide=id.p73, 1600703071221 1 4-Tour-C-Java.pptx - Google Slides https://docs.google.com/presentation/d/1emT4IDbdCAi1Ew1nP6T0ab7Qq3pIQ9nM/edit#slide=id.p74, 1600703073693 1 4-Tour-C-Java.pptx - Google Slides https://docs.google.com/presentation/d/1emT4IDbdCAi1Ew1nP6T0ab7Qq3pIQ9nM/edit#slide=id.p75]
